name	label
鸡[月君]梅花草	1
疣果大戟	1
俅江枳椇	0
狭叶杜香	0
滇羌活	0
尾囊果	0
独龙树萝卜	1
惟丽杜鹃	1
福氏木蓝	1
黄牙白	1
异萼飞蛾藤	1
千年红	1
膜荚黄芪	0
长爪锦鸡儿	1
毛柱蝇子草	1
少齿冬青	1
阿蔓苋	0
水田芥	0
脱皮麻	0
普氏马先蒿	1
白藨	0
峦大秋海棠	0
药芹	0
黑加仑	0
圆枝棉藓	0
绿薄荷	0
宜山秋海棠	0
通条树	0
长叶杜鹃兰	1
老君须	1
干氏毛兰	1
夜牵牛	1
细刺栲	0
勐棒省藤	0
深山米芒	0
大叶排草	0
安豆	0
块根假野芝麻	0
通耳草	1
北极林奈草	0
香港崖豆藤	0
大毛叶木莲	0
飞机藤	1
三齿粉藜	1
匍匐灰栒子	0
铜锣桂	1
大叶蓝梅	0
曾氏米仔兰	1
红背大黄	1
枸血子	0
钟萼木	1
咪民	0
藏青果	0
秃败酱	0
少脉毛椴	1
红叶秋海棠	0
追风蒿	0
假木棉	0
鞋底叶树	1
南昆山杜鹃	1
毛叶米饭花	1
钱串草	1
滇橄榄	0
华南紫树	0
金翼黄芪	1
贺兰山岩黄蓍	0
深裂叶羊蹄甲	1
多花山竹子	0
心煊绣球	1
二蕊拟漆姑	0
鸡脚三树	1
小花蒙古蒿	0
折角杜鹃	1
倒钩草	1
小雏兰	0
痒痒树	1
道县野桔	0
猫屎瓜	1
牛丁角	1
山竹公	1
带赤鹿藿	1
二节豆	0
蔓茄	0
楸木	0
钻山风	1
四川红淡	0
亚那藤	0
小花烟	0
多脉葱臭木	1
田尾草	1
万年蒿	1
圆叶野百合	1
辣根菜	0
驳节莲树	0
缺萼苔	0
毛稃早熟禾	0
鱼骨槐	1
狐尾藻棘豆	1
恒春石豆兰	1
狗胡花	1
峨眉卫矛	1
元江苏铁	1
长尖走灯藓	1
布氏地丁	1
黄楠	0
京大戟	1
红梅杏	0
大叶锥栗	1
黄桂	0
蒙蒙木	0
爱国草	1
草木樨黄耆	0
燕子石斛	1
猛一撒	0
红泡刺藤	0
冰粉树	1
长芒以礼草	0
西风	1
月牙一支蒿	1
奇形绣球花	0
三颗针	1
大叶观音草	1
大山楂	0
马狼柴	1
秋根李	0
长叶冬青	0
景洪蜂斗草	1
茶藤	0
黄栗	0
老鸦泡	1
三叶草	0
番羌	0
无刺空心泡	0
黄花丹参	0
南粤野茉莉	0
假西藏石栎	0
狭叶艾	0
黄槁	0
薯豆	0
单花吊钟花	1
普儿芒	0
光治疝草	0
天山麦杆菊	1
荒漠霞草	1
尖尾铁苋	1
埃望鼠尾草	1
细四葎	0
天台黄枝槭	0
罗氏叶苔	1
馒头麦瓶草	1
山观音	1
钝叶赫德木	0
瘤柄走灯藓	1
长梗龙胆	1
康定杜鹃	1
山红豆	0
高大槭	0
野梢瓜	0
网膜籽	0
铁篱笆	1
葛麻姆	0
红小麻草	0
懒狗舌	1
黄花美人蕉	1
矮根节兰	0
牛肋巴	1
保亭榕	0
红花蚤缀	0
麝香野豌豆	0
辽堇菜	0
刚毛叠子草	0
喜马拉雅塔藓	1
高山珊瑚	0
胡氏勾儿茶	1
绢毛北附地菜	1
木兰	0
镰叶山扁豆	1
辣蓼	0
鹿耳草	1
中国白珠树	1
脉基巢菜	1
弱距堇菜	0
橙色丝带藓	1
墨脱山小桔	0
青缸草	1
仁人木	1
猪屎青	1
显脉山莓草	1
红苦豆子	0
毛细累子草	0
直立无距花	0
矮桐子	0
窄序岩豆	0
宽瓣红景天	1
长柄冷水麻	0
邓柳	0
银梅草	0
披针叶南洋杉	1
荷花	0
台湾天料木	1
老鼠花	1
抱茎眼子菜	1
青皮婆	1
鸡针木	1
驴耳朵菜	1
瓠	0
鸭距粟	1
柔花香花藤	0
缅无忧花	1
旱禾树	0
湖北络石	0
旱茨菇	0
黄花凤仙花	1
浙江乳突果	1
毛乳豆	0
黄泡子	0
肿节风	0
调经草	0
阿里山草胡椒	0
褐沙蒿	0
走茎鹅脚板	1
鸡爪芋	1
通麦白珠	1
卷叶角苔	1
膜果白刺	0
苹果蓟	0
红软柴胡	0
白花灰毛槐	0
维氏报春	1
山猪菜藤	1
无毛长蕊柳	0
长梗拳参	1
变叶新木姜	0
复叶槭	0
理肺散	0
大鹅几肠	1
印度崖豆藤	0
红洋苋	0
闹鱼花	1
闭花八粉兰	0
山桉果	0
红色杜鹃	1
营实	0
广西长梗藤	0
座地菊	0
黄兰蝉	1
黔鄂桑	0
山丽豆	0
弯齿千里光	1
黄栀榆	0
普通蓼	0
聚花艾纳香	0
散生丝带藓	1
南山扁豆	0
大叶逼迫子	0
紫丁杜鹃	1
圆锥清风藤	0
任木	0
紫丹参	0
破故纸	0
离枝	0
离药金腰箭	1
翅荚木	1
锐棱岩荠	0
康定黄蓍	0
光叶云南冬青	0
田边木	0
过冬青	0
水马桑	1
蛇含萎陵菜	1
寄生沙萝芥	0
大卫绣球	0
红根子	0
扇椰子	1
张氏秋海棠	1
乌叶子	0
假牛角森	1
猫耳刺	1
大花岩参	0
玉瓶兰	1
红花刺槐	0
鸡公树	1
翼柱苣苔	1
阔叶千斤拔	1
太白紫菀	0
黄花长蕊草	0
闽槐树	0
博尔-图柳格	0
小米	0
喜马拉雅藁本	0
半蔓白薇	0
小花酸藤子	0
希陶钻地风	1
台湾红豆树	0
台湾醋栗	0
洋羌	0
穿地龙	1
香瓜	0
熊柳	1
马踏皮	1
中华缺萼苔	0
垂花山姜	0
中华东方荚果蕨	0
小灰果	0
山地雪灵芝	0
贼腰带	1
薄叶黑钩叶	1
高山丛生白珠	1
晚绣球	1
全叶鸡儿肠	1
象治恩保	0
粉团花	0
毛独花报春	1
光轴紫柄蕨	1
锐囊管叶苔	1
水红蒿	0
山西异蕊芥	0
乌饭树	0
臭李子	0
韩氏鱼藤	1
牛春花	1
龙州棕竹	0
野凤仙	1
大暴牙郎	1
火炭楠	0
牙痛草	0
地涌莲	0
米哥蚊	1
野毛栗	0
白果臭山槐	0
葨芝	0
三父子	1
刺糖	0
奶汁藤	0
老白花	0
珠蒴小金发藓	1
厚皮	0
具脊觿茅	1
籁箫	0
定经草	0
毛舌黄芪	1
川西荛花	0
葳严仙	1
榻捷木	0
多萼石笔木	1
香铃草	1
三台花	0
剪定树	0
短花梗黄耆	0
倒毛神血宁	1
柳叶假木荷	1
王母牛	1
二色滇紫草	0
蓝花紫堇	0
老虎楝	1
洋槐	0
三稜梢	0
毛枝鱼藤	0
大矛香艾	0
漫胆草	1
大卫槭	0
滇西美丽琉璃草	1
披针叶米饭花	1
广东赪桐	0
毛叶高粱泡	0
鬼点火	1
城口藁本	0
山薄荷香茶菜	0
阔翅槭	1
金龟树	1
鸡腿果	1
湄公黄杉	0
光皮桦	0
红毛馒头果	1
乌蛇木	1
雪三七	1
俅江花楸	0
乔氏冬青	1
滨旋花	0
凤仙透骨草	1
乌泡子	0
边沁石斑木	1
线苞木蓝	1
香港厚壳桂	0
多毛板凳果	1
黑毛七	0
藏青胡卢巴	0
土丹棘豆	0
圆齿小柴胡	1
海蓬子	0
苍耳七	1
镇康铁角蕨	1
东北繁缕	0
北京元胡	0
毛状薹草	0
齐头蒿	0
刺罂粟	0
水浮莲	0
鹿仙草	1
少花老鹳草	1
嘉应子	0
哥埋养榴	0
河南山梅花	0
联刺齿缘草	1
通草	0
四棱香	0
幼母菊	0
硬短茎宿柱薹	0
木斛	1
矮桄榔	0
砚山石栎	1
白雪杜鹃	0
紫斑玉凤花	1
小叶黄刺条	0
吊马桩	1
辛氏铠兰	1
长果杨桐	0
柳叶见血飞	1
乡城黄蓍	0
褐黄色风毛菊	0
水滨升麻	0
滇越裸柱草	1
欧洲樱桃	0
恒春风藤	0
大箭竹	1
湿唇蝴蝶兰	1
疏毛锚眼草	1
线叶锦鸡儿	1
糖果草	1
钱葵	1
新扫帚黄芪	1
俯垂球花报春	1
鹤虱	1
狭复叶葡萄	0
枢	0
荷苞草	0
石老虎	1
孙航樱	0
赤牙木	1
狗屎橘	1
英国梧桐	0
锯叶千里光	1
剪刀草慈姑	1
日日新	1
白花藤	0
暗绿杜鹃	0
林氏八仙花	1
小谷精草	0
波罗栎	0
奥莫	0
苦艾	0
陆氏樫木	1
定日黄耆	0
白毛椿	0
白杜鹃	1
西康岩黄芪	0
猪独活	1
日本榆	0
大叶青蒿	0
刺虎	1
黄波椤树	0
无漏子	0
假金线莲	1
纤毛萼鱼藤	0
红叶牛果藤	1
大叶甘草	0
蚕羌	1
梅桂	0
顶果鳞毛蕨	1
三出萎陵菜	0
毛齿提灯藓	1
绵毛黄芪	0
狗骨仔	1
短喙塔藓	1
梭草	0
峨眉球柄兰	0
臭凉喉茶	0
假色槭	0
密望	0
大黑洋参	0
嘉宝山柳	0
短柄禾叶蕨	0
柏氏八仙花	1
囊苞裂叶苔	0
覆闾	0
疏瘤耳叶苔	1
朱红	0
天青地紫	1
版纳羊蹄甲	1
毛果薯藤	0
丹树	0
钩柄狸尾草	1
狭叶牡丹	0
梅氏红豆	1
铁血藤	1
龙胆白前	1
洋石榴	0
小茜草	0
假山萝	0
海木	0
小沼兰	0
倒鳞秋海棠	1
毛翠雀花	1
纹苞风毛菊	1
中甸黄芪	0
龙头兰	1
柚木	0
美丽密花豆	0
亭立	1
黑鳞薹草	1
滇榄仁	0
锥腺樱桃	1
石生堇菜	0
葵花大蓟	1
长盖铁线蕨	1
无苞双脊荠	1
菵草	0
箭靶竹	1
蒙古扁桃	0
玉蜀黍	1
香叶子	0
铁线莲	1
刚毛滇紫草	0
巴嘎紫堇	0
三叉无柱兰	1
大叶竹节树	0
莲瓣兰	0
大芽杜鹃	1
单网凤了蕨	1
圆锥薹草	1
西可早熟禾	0
拟无毛藓	0
短莛飞蓬	1
细花八宝树	1
红花宿苞兰	0
吉林短月藓	1
单叶绞股蓝	0
绵毛水苏	0
小叶笐子梢	0
黄坪杜鹃	1
四花野豌豆	0
海州香薷	0
线萼蜘蛛花	1
腺毛木蓝	0
毛盔马先蒿	1
山拐枣	1
芳香石豆兰	0
高山红叶藓	0
长柄荚	0
黎婆花	1
凉山关木通	1
蝴蝶藤	1
疏叶观音座莲	1
团球火绒草	1
香皮树	0
菱叶花椒	0
三瓣凤仙花	1
日本臭菘	0
威氏缩叶藓	0
笔龙胆	1
翼萼凤仙花	1
黑蕊无心菜	1
五环青冈	0
苏铁蕨	1
凤凰润楠	0
羊草	1
细毛润楠	0
虱子草	1
勐仑石豆兰	0
尖瓣木蓝	0
瑞丽黄芩	0
假繁缕	0
乌桕	0
亮叶小檗	0
松潘当归	1
心叶报春苣苔	1
东方瓜馥木	0
毛瓣棘豆	0
凤凰木	1
海边关木通	1
膜叶耳蕨	1
洛克百合	1
线柄薹草	0
白毛巨竹	0
多分枝石竹	0
刺岩黄芪	0
对叶黄芪	0
亚灌木火绒草	1
西藏坡垒	0
寒兰	0
大山马先蒿	1
鸟状棘豆	0
龙溪紫堇	0
纤细鬼吹箫	1
中日金星蕨	1
乌冈栎	0
阔萼堇菜	0
潮州莸	0
鼻烟盒树	1
广南蹄盖蕨	1
矮全唇兰	1
大叶黄芩	0
宽瓣凤仙花	1
大叶卷瓣兰	0
直穗薹草	0
荷包藓	1
香雪球	0
芽胞银藓	0
甘菊	0
三蕊草	0
康定黄芪	0
台湾黄花茅	0
新疆百脉根	1
小野荞麦	0
琼南柿	0
繸瓣珍珠菜	1
尾苞滇紫草	0
砂生地蔷薇	0
华中介蕨	0
垂穗莎草	0
维西垂头菊	1
曲萼茶藨子	0
尖齿黄芪	1
巴洛特栎	0
甘肃嵩草	0
小黄花茶	0
毛银柴	0
威灵仙	1
秤锤树	1
平当树	0
柔小粉报春	1
西非羊角拗	1
薄叶栝楼	0
无脉薹草	1
无芒仲彬草	0
叉孢苏铁	1
庭荠	1
假拟蕨马先蒿	1
镰叶雪山报春	1
披针叶酸模	1
杂交楼梯草	1
黑桫椤	0
星花灯芯草	1
山丽报春	1
叉唇角盘兰	1
泡核桃	0
法氏早熟禾	0
梨叶悬钩子	1
单花荠	0
角果胡椒	0
阿宽蕉	0
异色马蓝	1
毛挖耳草	1
凸额马先蒿	1
金毛榕	1
鄂西介蕨	0
南川梅花草	0
东北风毛菊	1
七叶薯蓣	0
尖头羽苔	1
台湾天芥菜	1
波密无心菜	1
短尖薹草	0
紫球毛小报春	1
圆叶薄荷	0
座花针茅	1
单叶异木患	0
山育杜鹃	1
唇萼薄荷	1
政和石斛	1
黑唇兰	1
帕里紫堇	0
俞氏楼梯草	1
北越紫堇	0
汕头后蕊苣苔	0
云南卫矛	1
石生驼蹄瓣	1
报春茜	1
小叶荩草	0
喙房坡参	1
错那箭竹	1
聂拉木乌头	1
大花玉凤花	1
乌鳞耳蕨	1
阔羽毛蕨	1
宽片膜蕨	0
川陕梾木	0
密花石山苣苔	0
长果猕猴桃	1
耧斗菜	1
光叶拟单性木兰	0
毛尖青藓	0
越橘柳	0
香橙	0
淡紫花黄芪	0
海南粗榧	0
云南臀果木	1
邢氏肿足蕨	1
宝兴柳	0
柄薹草	0
阿尔金山碱茅	0
长柱金丝桃	1
刺毛钱苔	1
毛茛莲花	0
新疆风铃草	1
短叶对叶藓	0
耳托秋海棠	1
长柄芥	0
欧李	0
败酱	1
折叶木灵藓	0
细叶糙果芹	0
长梗凤仙花	1
日本翻白草	0
海南重楼	1
李恒挖耳草	1
长尾红叶藤	0
大耳羽苔	1
小花姜花	0
玉龙拉拉藤	0
紫脉度量草	1
荔坡球兰	0
毛鼠刺	1
星柱树参	1
景东石豆兰	0
含羞草	1
月鳞苔	1
爆杖花	1
叉枝老鹳草	1
白颜树	0
阳春冬青	1
假泽兰	0
轮叶委陵菜	0
秦氏蛇根草	1
短萼齿木	1
灯台莲	1
缩减无心菜	1
边向花黄芪	0
无毛肺筋草	1
灯笼树	1
华西石杉	0
碧江雪兔子	1
重阳木	1
毛脉紫菀	1
狐尾黄芪	1
宝兴黄鹌菜	1
台湾蒲公英	0
篦子三尖杉	1
越南石梓	0
刺毛母草	1
刺叶锦鸡儿	1
光脊鹅观草	1
短序醉鱼草	1
顶喙凤仙花	1
鸡毛松	1
多痕密花树	0
厚叶安息香	1
花叶竹芋	0
大猪屎豆	1
蓝钟花	1
拟多花沿阶草	0
五爪金龙	1
泰氏獐牙菜	1
长叶白齿藓	1
长管杜鹃	1
滇南蒴莲	0
琼崖穴子蕨	0
四季竹	0
辐花	0
红桦	0
建始槭	0
云南铁杉	1
舌瓣鼠尾草	1
刺蕨	0
青甘韭	0
墨脱紫菀	0
印度羊角藤	1
北美车前	1
拟泰国卷瓣兰	0
和社叉柱兰	1
长梗紫菀	0
细叶荛花	0
大叶臭花椒	0
细叶芨芨草	0
广西万代兰	0
内蒙古毛茛	0
高山薯蓣	0
滇黔黄檀	0
尖峰润楠	1
昆明杯冠藤	1
多色报春苣苔	1
拟天山蓍	1
窄叶紫珠	0
乳突蜘蛛抱蛋	1
小蓝指甲兰	1
显苞灯芯草	1
高红槿	0
长梗吊石苣苔	1
大皱蒴藓	0
牯岭藜芦	0
华北石韦	0
细雀麦	1
那坡凹柱苣苔	1
莓叶报春	1
变形红孩儿	1
木蓼	0
圆穗兔耳草	1
翅柄报春苣苔	1
浙闽龙头草	1
广西玉叶金花	1
长梗鸡血藤	1
食用秋海棠	0
柱腺毛蕨	1
裂叶羽苔	1
楔叶委陵菜	1
头花风铃草	1
针叶龙胆	1
头花赤瓟	0
帽果卫矛	1
混叶委陵菜	0
头状龙胆	1
光叶绢蒿	1
矮龙胆	1
箭叶橙	1
贞丰柿	0
高山水芹	0
缘毛合叶豆	0
独山绣线菊	1
顶腺虎耳草	1
紫斑百合	1
带叶兜兰	1
贡山槭	0
渐尖茶藨子	0
钟花蓼	1
割鸡芒	1
疏毛水苎麻	0
海南巴豆	0
藏边蔷薇	0
长枝长齿藓	1
长柱韭	1
亚东点地梅	1
短筒兔耳草	1
毛萼蝇子草	1
大花绿绒蒿	0
峨眉附地菜	0
单花山竹子	0
云南岩芋	0
虾尾兰	1
缺刻乌头	1
任豆	0
祁连山棘豆	0
尼泊尔雪兔子	1
大花胡颓子	1
杜香	0
新疆兔唇花	1
武夷凤仙花	1
拟草藓	0
胀萼黄芪	0
香椿	0
新疆乌头	1
墨脱虾脊兰	1
汶川野荞麦	0
大叶银背藤	1
虾衣花	1
双花耳草	1
砾地百蕊草	0
无耳少穗竹	0
油渣果	0
木羊柴	0
阿克赛钦雪灵芝	0
小头蓼	0
三花翠雀花	1
川南地不容	1
西南新耳草	1
无腺毛蕨	0
针晶粟草	1
粗叶木蒲桃	0
山丹雀麦	1
锐齿石楠	1
广寄生	0
黄花合头菊	1
长柄北油丹	1
杭州鳞毛蕨	1
腐草	0
中越山茶	0
虎皮楠	1
台湾瑞香	1
阔叶肖榄	0
香膏萼距花	0
锐叶香青	0
玉山忍冬	1
广州鼠尾粟	1
石斛	1
垂枝桦	0
秀雅睫唇兰	1
大翼豆	1
黔北淫羊藿	1
腺萼落新妇	1
灰薄荷	0
多花盾翅藤	1
球花党参	0
东亚羊茅	0
松叶薹草	0
长白岩菖蒲	0
漾濞楼梯草	1
珠芽景天	1
狭叶拟绢藓	1
亚尖叶小檗	0
西伯利亚疣冠苔	1
散斑竹根七	0
暗绿耳叶苔	1
疏羽碎米蕨	1
滨麦	0
多枝小檗	0
景东茴芹	0
镰萼凤仙花	1
单枝灯芯草	1
牛姆瓜	1
矮生柳叶菜	0
厚衣香青	0
高丛珍珠梅	1
大翅驼蹄瓣	1
西南铁角蕨	1
麻风树	1
福贡石楠	0
石生堇菜	0
银棘豆	1
大果杜英	0
富蕴黄芪	0
山生柳	0
突肋茶	1
欧亚金矢车菊	1
宜昌过路黄	0
趾叶栝楼	1
多花苓菊	0
粗梗楼梯草	1
福海棒果芥	1
乌毛蕨	0
尖峰岭关木通	1
台湾轴脉蕨	1
极小谷精草	0
峨眉瑞香	0
长梗挖耳草	1
柳叶蒲公英	0
扁果润楠	0
黑茶藨子	0
小猪殃殃	1
西蜀海棠	0
凹唇石仙桃	1
扶绥榕	1
蕨叶花楸	0
海南符藤蕨	0
米团花	1
大叶杨桐	0
兰屿斑叶兰	0
离瓣景天	1
长花百蕊草	0
贵州鹅耳枥	1
大半夏	1
老挝檬果樟	0
水红木	1
线叶球兰	0
漆姑无心菜	1
红头金石斛	1
川南风毛菊	1
峨眉石杉	0
顶花板凳果	1
糙叶木蓼	0
松潘鹅耳枥	1
湖南脬果荠	1
金刚鼠李	1
短梗山兰	0
毒马草	1
北疆薹草	0
长果短肠蕨	1
单节假木豆	0
兖州卷柏	0
怒江枇杷	0
莲子草	0
无根藤	0
樟叶胡椒	0
垂枝泥炭藓	1
斜檐关木通	1
白粉圆叶报春	1
倒卵叶算盘子	1
黄花槐	0
太行米口袋	1
长瓣角盘兰	1
焕镛簕竹	0
粗脉紫金牛	1
密毛箭竹	1
钟花报春	1
秦岭当归	1
红花芒毛苣苔	0
红滩杜鹃	1
崖州留萼木	0
岩生蒲儿根	0
贡山木荷	0
黄杞	0
光叶丁公藤	1
撕裂玉山竹	0
美丽水锦树	1
华南马蓝	1
多枝棘豆	0
红楠刨	0
小连翘	0
腋花兔儿风	1
线羽贯众	1
茂汶当归	1
变色马蓝	1
贯叶连翘	0
紫花鹿药	0
大叶沿阶草	0
柴山细鳞苔	1
合萼半蒴苣苔	0
细叶连轴藓	1
拟高粱	0
卷苞风毛菊	1
阔荚苜蓿	0
金花远志	1
云南金莲花	1
串铃草	1
腺木叶蛇根草	1
剪棒草	1
伞花树萝卜	1
启无蹄盖蕨	1
云南柊叶	0
刺柄碗蕨	1
朝鲜老鹳草	1
新疆野苹果	0
南毛蒿	0
两面刺	0
拟篦齿马先蒿	1
小孢钱苔	1
黑三棱	0
双槽石斛	1
宽唇盆距兰	1
隆林关木通	1
长果报春	1
察隅矮柳	0
茵垫黄芪	0
北方拉拉藤	0
丹霞螺序草	1
柄叶飞蓬	1
苞茅	0
沼生水苏	0
毛叶黑桫椤	0
大果酒饼簕	1
灰蓝柳	0
奇异碱蓬	0
帕米尔葶苈	0
林地青藓	0
双褶贝母兰	1
番茄	0
水丝梨	1
苍绿绢蒿	1
无齿卷叶藓	1
红花合头菊	0
栗轴凤尾蕨	1
金茅	1
柞木	0
大节刚竹	1
云贵紫柄蕨	0
刺田菁	0
怀集报春苣苔	1
细枝绣球	1
疣叶刺柄藓	0
锥序千斤拔	1
灰果蒲公英	0
吉贝	0
玫花珠子木	1
天水风毛菊	1
海南胶核木	0
南川卫矛	1
云南八角莲	1
白花蓼	0
小刀豆	1
欧洲刺柏	0
团花驼舌草	1
倒卵叶树萝卜	1
瑶山毛药花	0
弯尖杜鹃	1
苣叶秃疮花	0
四棱飘拂草	0
瓦氏花萼苔	0
丛生扇叶芥	1
瘤菅	1
台湾枇杷	0
蛇荚黄芪	1
北缅南星	1
分离耳蕨	1
拟白发藓	1
勐腊核果茶	0
长柄通泉草	0
鳞稃雀麦	1
秦岭蟹甲草	1
鄂西蒲儿根	0
尖齿臭茉莉	1
康定獐牙菜	1
合苞铁线莲	1
吊罗裸实	0
芹叶龙眼独活	1
九龙盘	1
景天叶龙胆	1
亚灰羽藓	1
雄穗楼梯草	1
白鳞薹草	1
汇生瓦韦	0
枳	0
菲律宾线柱兰	1
匍匐杜鹃	1
阿尔泰黄芪	0
菱叶腹水草	1
宁夏蝇子草	1
穗序大黄	0
铁冬青	1
田菁	0
广西赛爵床	1
枝毛野牡丹	0
岸生泥炭藓	1
西藏石杉	0
越南谷精草	0
耳叶鸡屎藤	1
细齿乌饭	1
真齿无心菜	1
膜萼茄	0
中甸乌头	1
山榄	0
日本商陆	0
菝葜	0
绿花琉璃草	1
棕色疣胞苔	0
马衔山黄芪	0
疏毛荷包蕨	1
毛果泽兰	0
蓝刺鹤虱	1
天等报春苣苔	1
裂萼蔓龙胆	1
大花线柱兰	1
虎须娃儿藤	1
假人参	1
大叶异木患	0
长喙毛茛泽泻	1
小蓬竹	0
拉萨蔓黄芪	0
繁缕	0
胡氏龙胆	1
叶轴香豌豆	0
中华金星蕨	1
腺粒委陵菜	0
山紫锤草	1
西藏脬囊草	1
银木	0
西伯利亚接骨木	1
荨麻叶玄参	0
白点兰	0
贵州凤仙花	1
铁木	1
宽苞乌头	1
大花茄	0
南山黄芪	0
红花变豆菜	0
里海阿魏	0
海滨柳穿鱼	1
三叶鹿药	0
尖叶眼子菜	1
鸟头荠	1
毛萼香薷	0
连城报春苣苔	1
日本辛夷	0
罗浮锥	1
碱韭	0
日本散血丹	0
美山姜	0
锈毛铁线莲	1
网脉守宫木	1
根叶漆姑草	1
小金黄芪	1
总序报春	1
亚东嵩草	0
红花蕊木	0
奋起湖冷水花	0
夜香牛	1
柔软马尾杉	1
达乌里风毛菊	1
长根假毛蕨	0
里白	0
细果长蒴苣苔	0
长唇对叶兰	1
亮叶芹	0
密腺羽节蕨	1
大海黄堇	0
扭瓦韦	0
碟果虫实	1
灯笼细辛	1
黑麦状雀麦	1
山黄麻	0
铁杆蔷薇	1
吉野鼠李	1
滇蕨藓	0
细齿稠李	1
钻叶龙胆	1
绵毛鬼吹箫	1
鄂西玉山竹	0
欧活血丹	0
丽江糙苏	0
渐狭楼梯草	1
陕西铁线莲	1
短序隔距兰	0
圆锥丝瓣芹	1
长药花	0
江苏薹草	0
短羽蛾眉蕨	1
隆林梭罗树	1
海南五层龙	1
苞护豆	0
丰管马先蒿	1
日本山黧豆	0
细叶湿鼠曲草	1
鼠曲草	1
绒毛膜叶铁角蕨	1
美丽含笑	1
胀果棘豆	0
野黄桂	0
毛萼鞘蕊花	1
梅氏凤仙花	1
突脉金丝桃	1
红原薹草	1
胖大海	1
恒春皂荚	0
小花蜘蛛抱蛋	1
朝天罐	1
高山谷精草	0
抽筒竹	1
方鼎木	1
二色补血草	0
环青冈	0
山东银莲花	0
少花肺筋草	1
灰背清风藤	0
深紫楼梯草	1
直立婆婆纳	1
薄叶猴耳环	1
异颖三芒草	0
江边刺葵	0
多脉柃	1
直叶曲柄藓	0
威信小檗	0
玫花豆腐柴	1
西藏崖爬藤	1
光茎水龙骨	1
台湾角苔	1
芽生虎耳草	1
拐轴鸦葱	1
华丽马先蒿	1
长花枝杜若	0
长枝紫萼藓	0
毛小叶垫柳	0
褐花鹿药	0
裂冠紫堇	1
小花车前	1
天山蓟	0
大叶山扁豆	0
大花荆芥	0
长序当归	1
黄毛蕨麻	0
亚光姬蕨	1
垫状驼绒藜	1
定安榕	0
天麻	1
细枝藓	0
假西南复叶耳蕨	1
团叶毛茛	0
鄂西香茶菜	0
团伞女蒿	1
银背委陵菜	0
盈江守宫木	1
扁翅无心菜	1
南川过路黄	0
长距挖耳草	1
东方古柯	0
白点天麻	1
旱生南星	1
裂萼草莓	0
铺地马先蒿	1
出水水菜花	0
罗甸秋海棠	0
格氏苔	1
水黄皮	0
刺石竹	1
棉头风毛菊	1
云南假鹰爪	1
光亮杜鹃	1
毛叶茯蕨	0
小伞报春	1
糠秕马先蒿	1
苔藓林石杉	0
博白报春苣苔	1
大根槽舌兰	1
雅江翠雀花	1
坛丝韭	1
大叶牛奶菜	1
柔软耳蕨	1
紫茎	0
楚雄安息香	1
天全凤仙花	1
海南沼兰	0
华山前胡	0
柳羽鳞毛蕨	1
滇藏悬钩子	1
长叶酸模	0
准噶尔铁线莲	1
小叶猕猴桃	1
喜马拉雅蝇子草	1
唐古拉翠雀花	1
灰株薹草	0
少花山小橘	0
云南油杉	0
彩虹卷柏	0
秦岭香科科	0
露珠草	1
海南玉叶金花	1
云南薹草	0
东亚指叶苔	1
曲枝委陵菜	0
耳叶柃	1
龙州恋岩花	1
阿月浑子	1
长花肖菝葜	0
沙针	1
黄棉木	0
碎叶鳞始蕨	1
冬青叶桂樱	0
大叶双盖蕨	0
全缘泉七	0
纤细黄鹌菜	1
黔桂冬青	0
贵州地宝兰	1
匐枝长喙藓	1
耳海荸荠	1
错那多榔菊	0
林下凸轴蕨	1
大花茅根	0
栗鳞贝母兰	1
广州山柑	0
平叶苔	0
少叶龙胆	1
灰背老鹳草	1
大鼻凤仙花	1
羽衣草	1
皱叶雀梅藤	1
巩留黄芪	0
雪白睡莲	1
密毛锦香草	1
盾柱榄	1
粉叶野桐	0
长叶大戟	1
金佛铁线莲	1
漕涧重楼	1
滇南红厚壳	0
糯米团	1
银灰毛豆	0
四川嵩草	0
膜叶卷柏	0
台湾芦竹	0
紫雀花	1
灰胡杨	0
印西耳蕨	1
宝华玉兰	1
澜沧囊瓣芹	1
喀什彩花	0
喙裂瓜	1
雀斑党参	1
长尾叶当归	0
东京鳞毛蕨	1
刺边小金发藓	1
秀丽百合	1
腺叶杜茎山	0
海南远志	1
毒豆	0
四叶杉叶藻	0
栗色巴戟	0
十字形黄芪	0
光莓草	0
新裂瓜	0
东方网藓	0
臭椿	0
广西盾翅藤	1
矮粉背蕨	0
水蕹	0
姬蕨	1
四齿芥	1
疣果豆蔻	0
密丛薹草	0
巴马秋海棠	0
德钦凤仙花	1
突尖紫堇	0
折瓣雪山报春	1
长足兰	1
小盐芥	0
齿缘泽藓	1
台湾假糙苏	0
俯垂臭草	0
窄叶蓝盆花	0
粗齿梭罗树	1
山西棘豆	0
假海桐	0
腺毛阴行草	0
长鞘菹草	1
八齿碎米藓	1
金黄还阳参	1
戟叶艾纳香	1
尼泊尔蝇子草	1
阔蕊兰	0
褐脉楼梯草	1
宝兴龙胆	1
山尖子	1
蒙古白头翁	1
杯冠木	1
髯毛缬草	1
矮洼瓣花	0
毛核木	0
光叶报春苣苔	1
屏边玉叶金花	1
绒毛马先蒿	1
绢毛风筝果	1
矮细叶苔	0
钝叶瓦松	1
骆驼蒿	1
掌叶石蚕	1
双沟卷柏	0
短序琼楠	1
柳叶蝇子草	1
多毛茜草树	0
中印铁线莲	1
小花金挖耳	1
山铜材	1
长梗石蝴蝶	1
恭城凤仙花	1
草胡椒	0
穿心藤	1
裸果耳蕨	1
芦山沿阶草	0
污色蝇子草	1
环根芹	0
华中拟乌蔹莓	0
肉花雪胆	1
琼豆	1
钝叶黄芪	0
秋笐子梢	0
吉尔吉斯岩黄芪	0
长萼鹿蹄草	1
粗齿委陵菜	1
长角豆	1
变化蒲公英	0
铁皮石斛	1
分枝麻花头	1
椒红果栒子	0
河口毛蕨	0
小缬草	0
狭序唐松草	0
多变蹄盖蕨	1
合睫藓	1
日本粗叶木	0
波缘鸭跖草	1
土克曼棘豆	0
吊灯扶桑	1
丈野古草	0
岚皋鹅耳枥	1
鳞果星蕨	1
狭果蝇子草	1
台湾风毛菊	1
骤尖楼梯草	1
贝母兰	1
孪叶豆	0
河套大黄	0
两广猕猴桃	1
兜蕊兰	1
砂地石灰藓	0
多油胞角鳞苔	1
永福半蒴苣苔	1
贡山假升麻	0
刺盖草	0
困惑蒲公英	1
凯里紫堇	0
广西杯冠藤	1
长柄辐冠参	1
滇魔芋	1
短梗酸藤子	0
城口小檗	0
江浙狗舌草	1
多依	1
尖叶榕	0
松毛翠	0
莲座通泉草	0
密花虾脊兰	1
短尾铁线莲	1
二色肉果兰	0
尖片蛾眉蕨	0
尖唇叉柱兰	1
萸叶五加	0
长叶远志	1
鸡峰山黄芪	0
闭花天麻	1
岗柃	0
方氏报春苣苔	1
山荆子	0
狭叶鳞毛蕨	1
毛琼豆	1
龙果	1
川黔肠蕨	1
短花珍珠菜	1
细梗香草	0
小慈姑	1
黄毛蒿	0
短穗竹茎兰	0
天台鹅耳枥	1
阳际峰马铃苣苔	1
崖州猪屎豆	1
景洪秋海棠	0
沟叶薹草	0
华中桑寄生	0
长羽蕨	1
显异薹草	0
太白柴胡	0
镰稃草	1
西南泡花树	0
黔阳杜鹃	1
矢镞叶蟹甲草	1
马熊沟虎耳草	1
小玉竹	1
暖地网藓	0
刺苞蓟	0
缅甸紫金龙	1
柬埔寨龙血树	1
广西吊石苣苔	1
天竺桂	0
清风藤	1
刺毛糙苏	0
哈密棘豆	0
少斑姜	0
尖被万寿竹	1
念珠齿缀草	1
若尔盖马先蒿	1
三岛原始观音座莲	1
上树蜈蚣	1
三叶罗伞	1
重羽菊	1
宽片翠雀花	1
长白鹿蹄草	1
大托叶猪屎豆	1
银灰杨	0
岭南杜鹃	1
金钩如意草	1
粗秆雀稗	1
清水金丝桃	1
金平毛柱杜鹃	1
疏花山梅花	0
海南耳草	1
无毛金腰	1
罗浮梭罗树	1
黎氏管口苔	1
长毛秋海棠	0
拟川西翠雀花	1
假多色马先蒿	1
卷花丹	0
南洋假脉蕨	1
苍白秤钩风	1
掌叶报春	1
红花鸢尾	1
绿春崖角藤	1
总序蓟	0
川藻	0
肉药兰	0
东亚附干藓	0
屏东卷瓣兰	0
万花山小檗	0
倒心叶珊瑚	1
无毛蟹甲草	1
锥花莸	1
黄花刺参	0
野芝麻	0
长须阔蕊兰	1
华西凤尾蕨	1
豹纹虎耳草	1
大叶南苏	0
董棕	0
毛叶翠雀花	1
裸茎瓶尔小草	0
杯花韭	1
皱叶木灵藓	0
丝叶眼子菜	1
阔叶管口苔	1
尖顶耳蕨	1
西藏多榔菊	0
准噶尔红景天	1
希陶薹草	1
球花马先蒿	1
卷叶丛本藓	0
毛瓣金花茶	1
绥江凤仙花	1
西伯利亚羊茅	0
牛毛藓	1
起绒草	0
细裂蝇子草	1
瑶山荚蒾	0
绵头奇蒿	1
版纳玉凤花	1
茸毛木蓝	0
狭翅兔儿风	1
城口盆距兰	0
垂果亚麻	0
纤细轮环藤	1
纤柄报春	1
窄叶薹草	0
秃疮花	0
针刺悬钩子	1
紫斑大戟	1
长柔毛野豌豆	0
小山飘风	1
大花婆婆纳	1
中国叉瀑草	1
阿拉善独行菜	1
鬣刺	1
单叶石仙桃	1
台湾茶藨子	0
大叶梅花草	0
何首乌	1
薄片海桐	0
西藏点地梅	1
婴带菊	1
黄河虫实	1
酒药花醉鱼草	1
茸毛委陵菜	0
巴塘蝇子草	1
流苏虎耳草	1
西伯利亚卷柏	0
短芒拂子茅	1
平卧荆芥	0
狭裂翠雀花	1
纤细合叶苔	0
风轮菜	1
华木兰杜鹃	1
黔桂槭	0
扇叶垫柳	1
苹婆	1
香桂	0
苦竹	0
宿叶马先蒿	1
管花蒲公英	1
乳源榕	0
黎竹	0
毛茛	0
皱籽栝楼	0
黄脉九节	1
韦直启明豆	0
棱果海桐	0
苍山越橘	0
曲肋薄网藓	1
宜昌薹草	0
首冠藤	1
无毛条穗薹草	0
鄂西薹草	0
密叶决明	0
苍白象牙参	1
小叶地笋	0
大玉山竹	0
长梗雀儿豆	1
线叶无心菜	1
黄花肉叶荠	0
弯锥香茶菜	1
球兰	0
长柄樟	0
塔城棘豆	0
凌霄	1
密毛山梗菜	0
重庆石山苣苔	0
小苞沟酸浆	1
毛背雪莲	0
西南野古草	0
拟褐色合叶苔	0
全缘叶风毛菊	1
假刺苋	0
油杉寄生	0
粗茎苹兰	0
门源毛茛	0
盘龙七	1
密叶美喙藓	0
微序楼梯草	1
钝羽假瘤蕨	1
光刺兔唇花	1
三花槭	0
喙尖杜鹃	1
台湾木藓	0
川南蒿	0
桂圆菊	0
隐盘芹	0
粗毛掌叶树	1
景东翅子树	1
狭叶爵床	1
醉鱼草	1
小黑桫椤	0
牛筋草	1
钟帽藓	1
优异杜鹃	1
多对小叶蕨麻	0
假蒜芥	0
狭叶姜	0
细叶短柱茶	1
大叶赤榕	0
褐冠小苦荬	1
矮刺苏	0
青城山淫羊霍	1
台湾木蓝	0
假东风草	1
太白金腰	1
毛瓣石楠	0
凉山垂头菊	1
宝岛鸢尾兰	1
筐条菝葜	0
苞子草	0
管萼野丁香	1
藏南金钱豹	1
碎米花	1
大叶鼠尾草	1
独龙江空竹	0
藏南星	1
圆叶毛灯藓	1
代儿茶	1
弯茎龙胆	1
水竹	1
枇杷叶杜鹃	1
硬骨凌霄	1
库如措紫堇	0
丝梗扭柄花	0
滇西蛇皮果	1
小金黄鸭嘴草	1
四川草沙蚕	1
紫柄蕨	0
翼茎刺头菊	1
南川泽兰	0
会泽翠雀花	1
矮生绣线梅	1
多形带叶苔	0
南亚鞭苔	1
平坝马先蒿	1
长叶肋柱花	1
多蒴曲尾藓	1
大独脚金	1
匙叶雪山报春	1
海枣	0
云南高山苔	0
伏生野黍	0
银白杨	0
毛瓣油麻藤	0
高黎贡山杜鹃	1
绛珠石蝴蝶	1
西藏悬钩子	1
吉隆龙胆	1
甘南小檗	0
红冠紫菀	1
阔唇羊耳蒜	1
娇媚梅花草	1
亚东橐吾	0
尖尾箭竹	1
光叶忍冬	1
六花柿	0
油杉钝果寄生	1
高山卷耳	0
大血藤	1
陇蜀杜鹃	1
台湾盆距兰	0
棒穗薹草	1
扁茎薹草	0
梨叶冬青	0
莴笋花	0
东旺虎耳草	1
笔龙胆	1
浆果楝	0
缺齿蓑藓	1
假橐吾	0
定军山铁线莲	1
圆裂牡丹	0
弯梗紫堇	0
窄叶海桐	0
泥炭藓	1
圆苞紫菀	0
丛卷毛荆芥	0
极地藓	0
滇越木	0
密根多毛藓	0
细角管叶苔	1
四苞蛛毛苣苔	1
革叶山姜	0
紫花蒲公英	0
镇江白前	0
猪屎豆	1
大药赖草	0
黄三七	0
屏边蚊母树	1
大羽新月蕨	1
锡兰莲	1
狭叶卫矛	1
全针蔷薇	1
格尔木赖草	0
田野堇菜	0
延翅风毛菊	1
麻叶铁苋菜	1
香肉果	0
西畴卫矛	1
黑果飘拂草	0
大头兔儿风	1
渐尖早熟禾	0
怒江红山茶	0
薄叶水锦树	1
台湾凤尾蕨	1
滇四角柃	1
察隅厚喙菊	1
膜苞藁本	0
黑桦树	0
小荇菜	0
冕宁紫堇	0
嵩县岩蕨	0
全叶延胡索	0
锡金鼠尾草	1
节毛耳蕨	1
黄花小二仙草	1
线叶水马齿	1
糙毛黄鹌菜	1
海南山蓝	0
甜杨	0
广西密花树	0
黄花粉叶报春	1
贡嘎翠雀花	1
台岩紫菀	0
白辛树	0
滇东杜根藤	0
鞭柱唐松草	1
大花象牙参	1
青海当归	1
缺苞箭竹	1
承德勿忘草	1
大果勾儿茶	1
凹瓣梅花草	0
截裂翅子树	1
云南枸杞	0
球序绢蒿	1
黄色细鳞苔	1
色达黄芪	0
云南链齿藓	1
云南藤黄	0
钓鱼岛金丝桃	1
碱地风毛菊	1
粗茎凤仙花	1
翅果蓼	1
翠柏	0
港口马兜铃	1
滇东关木通	1
木泽兰	0
短舌紫菀	1
凤凰百合	1
新对生耳蕨	1
杜梨	0
苍术	0
江华大节竹	0
蒜	0
青海白马芥	1
阔瓣冠鳞苔	1
细芒羊茅	0
四脉金茅	1
木里凤仙花	1
珍珠花	1
贵州香花藤	0
古钩藤	1
单穗升麻	0
二萼丰花草	0
管花肉苁蓉	1
掌叶鱼藤	1
单穗鱼尾葵	1
斑皮鲫鱼藤	1
白背牛尾菜	1
单花景天	1
深紫续断	0
石山漆	0
牛角藓	1
小叶蹄盖蕨	1
齿瓣石豆兰	1
大苞凤仙花	1
黑水华羽芥	1
驴蹄草叶翠雀花	1
狭腔芹	1
双盖蕨	0
圆叶南蛇藤	1
高秆薹草	0
白枝柯	0
玉龙山谷精草	0
西归芹	0
墨脱锥药金牛	1
大萼珍珠花	1
反瓣山珊瑚	1
澜沧黄杉	0
斑叶兰	0
川滇茜草	0
上思青冈	0
吊罗蕗蕨	0
玉龙羽苔	1
粗齿报春苣苔	1
狭鳞双盖蕨	1
莱州崖角藤	1
光亮悬钩子	1
艳丽耳草	1
倒地铃	1
星毛柯	1
血苋	1
喀什霸王	1
本州耳叶苔	1
美观糙苏	0
绒毛槐	0
颈领木灵藓	1
大花双参	0
穆坪金粉蕨	1
尖叶悬钩子	1
野丁香	0
普兰无心菜	1
肉红杜鹃	1
布袋兰	1
鱼鳔槐	1
长果大头茶	1
毛连菜	0
尖叶假牛舌藓	1
阔边匐灯藓	1
交城附地菜	0
香石竹	0
黄麻叶扁担杆	1
山橘树	0
多枝杜鹃	1
小叶白点兰	0
无脉小檗	1
孟加拉蔊菜	0
树形针毛蕨	1
网藓	0
多脉紫云菜	1
滇南矮柱兰	1
甘川铁线莲	1
近掌脉鼠尾草	1
唐古拉薹草	0
绢毛大青	1
长叶水麻	0
矮前胡	0
散血丹	0
禾叶挖耳草	1
泰顺皿果草	1
地杨桃	0
钩柱毛茛	1
苍梧报春苣苔	1
圆丛红景天	1
铁梗报春	1
毛颖羊茅	0
桂火绳	1
山茴香	0
单蕊黄芪	0
千叶蕨麻	0
薄边毛灯藓	1
昆仑风毛菊	1
黄花泡叶杜鹃	1
微萼凤仙花	1
莲花池山龙眼	1
长刺山柑	0
新疆海罂粟	0
睡菜	1
小果黄芪	0
拟兰	0
菲律宾胡颓子	1
纤齿枸骨	1
蝎尾藓	1
长苞荆芥	0
鳞始蕨	1
闽浙马尾杉	1
长萼芒毛苣苔	0
黄芦木	0
康定石杉	0
海南鹤顶兰	1
螺瓣乌头	1
利川慈姑	1
球腺肿足蕨	1
臭味假柴龙树	0
耳叶蟹甲草	1
茶山凤仙花	1
曲轴海金沙	1
西藏针鳞苔	1
富宁油果樟	0
菱叶茴芹	0
火炬松	1
异伞滇藁本	1
龙迈青冈	0
广花耳草	1
假毛竹	0
海南海桑	0
草血竭	1
谷蓼	0
